f_stat,p_value,pre_betas
1.1188307859128133,0.34126797774972756,"[0.01832460732984545, -0.00261780104712021, 5.271390962624523e-16]"
