f_stat,p_value,pre_betas
0.4653758444180758,0.7065092161723487,"[-0.0010245901639349786, 0.0030737704918040315, 6.945399116942141e-16]"
