f_stat,p_value,pre_betas
1.897127607327999,0.1284749777742643,"[0.00343642611683822, 0.004581901489118058, 2.349466107776088e-16]"
