f_stat,p_value,pre_betas
1.0927169455457553,0.35201275882222,"[0.017632241813602637, -1.9992688060632702e-16, -5.997806418189811e-16]"
