f_stat,p_value,pre_betas
1.4633963235091716,0.22414647350385986,"[0.008021390374332556, -0.0213903743315505, -5.455705331947058e-16]"
