post_window,n_pairs,did_estimate,se,p_value
4,976,-0.00819672131147541,0.02350923964544416,0.7274201761086077
8,976,0.0625,0.029340292675345034,0.03340688138048509
