n_pairs,did_estimate,se,t_stat,p_value,ci_lower,ci_upper,mean_delta_treated,mean_delta_control
382,-0.06806282722513089,0.04734433520633947,-1.437612904025257,0.15136469981228684,-0.16085772422955624,0.024732069779294458,0.47643979057591623,0.5445026178010471
