n_pairs,did_estimate,se,t_stat,p_value,ci_lower,ci_upper,mean_delta_treated,mean_delta_control
397,-0.060453400503778336,0.0445878254970509,-1.3558275118793763,0.17592671931408566,-0.14784553847799808,0.02693873747044142,0.4836272040302267,0.5440806045340051
