n_pairs,did_estimate,se,t_stat,p_value,ci_lower,ci_upper,mean_delta_treated,mean_delta_control
976,-0.00819672131147541,0.02350923964544416,-0.34865956683817495,0.7274201761086077,-0.05427483101654597,0.037881388393595145,0.2827868852459016,0.29098360655737704
