n_pairs,did_estimate,se,t_stat,p_value,ci_lower,ci_upper,mean_delta_treated,mean_delta_control
374,-0.09090909090909091,0.048260377477518365,-1.8837210908978084,0.06038036390416712,-0.1854994307650269,0.0036812489468450865,0.4679144385026738,0.5588235294117647
