sigma_poi,OFF_k1,ON_k1,ON_peak_k4_8,OFF_VR,elapsed_s
1000000.0,-0.1402834044223869,-0.11686471405140848,0.05761702181139392,1.4395818229918962,523.224357843399
1500000.0,-0.13028927303416837,-0.12668007437483164,0.07292148901453309,1.4167534489699203,118.02982926368713
2200000.0,-0.10840570719602828,-0.11041142210239326,0.05035898887283427,1.3403496099170593,115.13249373435974
