overall_wd_rate,n_pois,chi2_statistic,df,p_value,observed_variance,expected_variance,variance_ratio
0.5449179920477137,5278,9461.659780815271,5277,0.0,0.1646751235946817,0.10084629305582687,1.6329318471182697
