observed,null_mean,null_std,p_value
1.6361067170418104,1.2107080244792656,0.013791540878428647,0.0
