od_withdrawal,od_operational
1.6329318471182697,1.5463998954948759
