sample,n_projects,n_pois,od_withdrawal,od_operational,ratio,p_wd,p_op
terminal_only,10870,3414,1.5973433009449136,1.597343300944914,0.9999999999999997,0.8022153477696836,0.19778465223031633
