fold,auc
1,0.8509656466653054
2,0.8594066803911878
3,0.8561234973400633
4,0.85747019975794
5,0.8567202805094937
